Designator,Comment,Layer,Footprint,Center-X(mm),Center-Y(mm),Rotation,Description
R18_D,10k,TopLayer,CR0603,48.26,60.198,270,Chip Resistor
R18_C,10k,TopLayer,CR0603,48.26,52.578,270,Chip Resistor
R18_B,10k,TopLayer,CR0603,48.26,44.958,270,Chip Resistor
R18_A,10k,TopLayer,CR0603,48.26,37.338,270,Chip Resistor
R2,10k,TopLayer,CR0603,41.275,34.29,90,Chip Resistor
Y1,16MHz,TopLayer,XTAL-3225,42.295,43.33,270,CRYSTAL SMD
U4_D,AL8861Y-13,TopLayer,SOT89-5,52,61.087,360,AL8861; 40V 1.5A BUCK LED DRIVER
U4_C,AL8861Y-13,TopLayer,SOT89-5,52,53.467,360,AL8861; 40V 1.5A BUCK LED DRIVER
U4_B,AL8861Y-13,TopLayer,SOT89-5,52,45.847,360,AL8861; 40V 1.5A BUCK LED DRIVER
U4_A,AL8861Y-13,TopLayer,SOT89-5,52,38.227,360,AL8861; 40V 1.5A BUCK LED DRIVER
U3,AMS1117-5.0S,TopLayer,SOT89,47.625,24.9938,90,IC REG LINEAR
U2,CH340E,TopLayer,MSOP-10,40.39,26.185,180,CH340E Serial-USB converter
U1,ATmega328P-AU,TopLayer,32A_N,32.135,43.33,135,"8-bit AVR Microcontroller, 32KB Flash, 1KB EEPROM, 2KB SRAM, 32-pin TQFP, Industrial Grade (-40�C to 85�C)"
S3,Save,TopLayer,BTN-6mm,32.897,69.365,180,
S2,Select,TopLayer,BTN-6mm,44.835,69.365,180,
S1,Mode,TopLayer,BTN-6mm,56.773,69.365,180,
R17_D,1k,TopLayer,CR0603,46.482,60.198,270,Chip Resistor
R17_C,1k,TopLayer,CR0603,46.482,52.578,270,Chip Resistor
R17_B,1k,TopLayer,CR0603,46.482,44.958,270,Chip Resistor
R17_A,1k,TopLayer,CR0603,46.482,37.338,270,Chip Resistor
R16_D,0.2R,TopLayer,CR0805,58.42,59.817,90,Chip Resistor
R16_C,0.2R,TopLayer,CR0805,58.42,52.197,90,Chip Resistor
R16_B,0.2R,TopLayer,CR0805,58.42,44.577,90,Chip Resistor
R16_A,0.2R,TopLayer,CR0805,58.42,36.957,90,Chip Resistor
R15,1k,TopLayer,CR0603,51.562,31.496,270,Chip Resistor
R14,1k,TopLayer,CR0603,29.595,31.265,180,Chip Resistor
R13,1k,TopLayer,CR0603,29.595,28.725,180,Chip Resistor
R3,1M,TopLayer,CR0603,39.37,41.275,270,Chip Resistor
R12,1k,TopLayer,CR0603,29.845,51.435,180,Chip Resistor
R11,1k,TopLayer,CR0603,33.02,51.435,180,Chip Resistor
R10,1k,TopLayer,CR0603,34.04,34.44,270,Chip Resistor
R9,1k,TopLayer,CR0603,30.865,34.44,270,Chip Resistor
R8,10k,TopLayer,CR0603,41.66,51.585,90,Chip Resistor
R7,10k,TopLayer,CR0603,39.755,51.585,90,Chip Resistor
R6,10k,TopLayer,CR0603,37.85,51.585,90,Chip Resistor
R5,1k,TopLayer,CR0603,37.465,30.48,270,Chip Resistor
R4,1k,TopLayer,CR0603,39.37,30.48,90,Chip Resistor
R1,100k,TopLayer,PTV09A-4-MFG,28.65,59.205,90,POT 1/20W CARBON LINEAR
P4_D,LED-CONN,TopLayer,HDR1X2,68.584,61.11,270,"Header, 2-Pin"
P4_C,LED-CONN,TopLayer,HDR1X2,68.584,53.49,270,"Header, 2-Pin"
P4_B,LED-CONN,TopLayer,HDR1X2,68.584,45.87,270,"Header, 2-Pin"
P4_A,LED-CONN,TopLayer,HDR1X2,68.584,38.25,270,"Header, 2-Pin"
P2,PWM2,TopLayer,HDR1X3,23.88,31.265,360,"Header, 3-Pin"
P1,PWM1,TopLayer,HDR1X3,23.88,28.725,360,"Header, 3-Pin"
P3,ISP,TopLayer,CONN-ISP,38.485,59.84,180,
LED6_D,Pw LED,TopLayer,LED-0805,47.244,62.738,180,Blue SMT mono-color Chip LED
LED6_C,Pw LED,TopLayer,LED-0805,47.244,55.118,180,Blue SMT mono-color Chip LED
LED6_B,Pw LED,TopLayer,LED-0805,47.244,47.498,180,Blue SMT mono-color Chip LED
LED6_A,Pw LED,TopLayer,LED-0805,47.244,39.878,180,Blue SMT mono-color Chip LED
LED5,Power,TopLayer,LED-0805,51.816,26.67,90,Red SMT mono-color Chip LED
LED4,MD2,TopLayer,LED-0805,23.245,49.68,0,Green SMT mono-color Chip LED
LED3,MD1,TopLayer,LED-0805,23.245,45.235,0,Green SMT mono-color Chip LED
LED2,PR2,TopLayer,LED-0805,23.245,40.79,0,Green SMT mono-color Chip LED
LED1,PR1,TopLayer,LED-0805,23.245,36.345,0,Green SMT mono-color Chip LED
L1_D,47uH,TopLayer,IND-2020,62.865,61.087,90,Inductor SMD
L1_C,47uH,TopLayer,IND-2020,62.865,53.467,90,Inductor SMD
L1_B,47uH,TopLayer,IND-2020,62.865,45.847,90,Inductor SMD
L1_A,47uH,TopLayer,IND-2020,62.865,38.227,90,Inductor SMD
J1,MicroUSB,TopLayer,USB-Micro-TH-Hor,39.116,21.4665,360,Micro USB 2.0 Type AB Receptacle
D3_D,CRS03,TopLayer,SOD123,57.15,62.992,360,"Standard Schottky Diode Symbol, 1 Cathode, 2 Anode"
D3_C,CRS03,TopLayer,SOD123,57.15,55.372,360,"Standard Schottky Diode Symbol, 1 Cathode, 2 Anode"
D3_B,CRS03,TopLayer,SOD123,57.15,47.752,360,"Standard Schottky Diode Symbol, 1 Cathode, 2 Anode"
D3_A,CRS03,TopLayer,SOD123,57.15,40.132,360,"Standard Schottky Diode Symbol, 1 Cathode, 2 Anode"
D2,CRS03,TopLayer,SOD123,56.265,22.375,180,"Standard Schottky Diode Symbol, 1 Cathode, 2 Anode"
D1,CRS03,TopLayer,SOD123,32.77,26.185,90,"Standard Schottky Diode Symbol, 1 Cathode, 2 Anode"
C11_D,10uF x 25V,TopLayer,CC0805,55.88,59.817,90,Chip Ceramic capacitor X7R
C11_C,10uF x 25V,TopLayer,CC0805,55.88,52.197,90,Chip Ceramic capacitor X7R
C11_B,10uF x 25V,TopLayer,CC0805,55.88,44.577,90,Chip Ceramic capacitor X7R
C11_A,10uF x 25V,TopLayer,CC0805,55.88,36.957,90,Chip Ceramic capacitor X7R
C10,1.0uF x 25V,TopLayer,CC0603,48.26,22.225,360,Chip Ceramic capacitor X7R
C9,68uF x 10V,TopLayer,TC1411,47.625,31.75,360,Tantalum Capacitor
C8,18pF,TopLayer,CC0603,42.295,40.155,360,Chip Ceramic capacitor X7R
C7,18pF,TopLayer,CC0603,42.295,46.505,180,Chip Ceramic capacitor X7R
C6,0.1uF,TopLayer,CC0603,35.31,24.915,360,Chip Ceramic capacitor X7R
C5,0.1uF,TopLayer,CC0603,35.31,27.455,360,Chip Ceramic capacitor X7R
C4,0.1uF,TopLayer,CC0603,41.275,30.48,90,Chip Ceramic capacitor X7R
C3,0.1uF,TopLayer,CC0603,28.194,48.514,45,Chip Ceramic capacitor X7R
C2,0.1uF,TopLayer,CC0603,36.068,36.83,90,Chip Ceramic capacitor X7R
C1,0.1uF,TopLayer,CC0603,37.338,39.116,360,Chip Ceramic capacitor X7R
